background,0,0,emblem_bg_default,EM_BG_DEFAULT,0,0,0,0,weapons,,
background,1,1,em_bg_wpn_attach_kap40,EM_BACK_maxlevel_kard,1000,0,0,0,weapons,,
background,2,2,em_bg_wpn_camo_kap40,EM_BACK_expert_kard,1000,0,0,0,weapons,,
background,3,3,em_bg_wpn_complete_kap40,EM_BACK_mastery_kard,1000,0,0,0,weapons,,
background,4,4,em_bg_wpn_attach_tac45,EM_BACK_maxlevel_fnp45,1000,0,0,0,weapons,,
background,5,5,em_bg_wpn_camo_tac40,EM_BACK_expert_fnp45,1000,0,0,0,weapons,,
background,6,6,em_bg_wpn_complete_tac45,EM_BACK_mastery_fnp45,1000,0,0,0,weapons,,
background,7,7,em_bg_wpn_attach_b23,EM_BACK_maxlevel_beretta93r,1000,0,0,0,weapons,,
background,8,8,em_bg_wpn_camo_b23,EM_BACK_expert_beretta93r,1000,0,0,0,weapons,,
background,9,9,em_bg_wpn_complete_b23,EM_BACK_mastery_beretta93r,1000,0,0,0,weapons,,
background,10,10,em_bg_wpn_attach_judge,EM_BACK_maxlevel_judge,1000,0,0,0,weapons,,
background,11,11,em_bg_wpn_camo_judge,EM_BACK_expert_judge,1000,0,0,0,weapons,,
background,12,12,em_bg_wpn_complete_judge,EM_BACK_mastery_judge,1000,0,0,0,weapons,,
background,13,13,em_bg_wpn_attach_five_seven,EM_BACK_maxlevel_fiveseven,1000,0,0,0,weapons,,
background,14,14,em_bg_wpn_camo_five_seven,EM_BACK_expert_fiveseven,1000,0,0,0,weapons,,
background,15,15,em_bg_wpn_complete_five_seven,EM_BACK_mastery_fiveseven,1000,0,0,0,weapons,,
background,16,16,em_bg_wpn_attach_mp7,EM_BACK_maxlevel_mp7,1000,0,0,0,weapons,,
background,17,17,em_bg_wpn_camo_mp7,EM_BACK_expert_mp7,1000,0,0,0,weapons,,
background,18,18,em_bg_wpn_complete_mp7,EM_BACK_mastery_mp7,1000,0,0,0,weapons,,
background,19,19,em_bg_wpn_attach_skorpion,EM_BACK_maxlevel_evoskorpion,1000,0,0,0,weapons,,
background,20,20,em_bg_wpn_camo_skorpion,EM_BACK_expert_evoskorpion,1000,0,0,0,weapons,,
background,21,21,em_bg_wpn_complete_skorpion,EM_BACK_mastery_evoskorpion,1000,0,0,0,weapons,,
background,22,22,em_bg_wpn_attach_pdw,EM_BACK_maxlevel_pdw57,1000,0,0,0,weapons,,
background,23,23,em_bg_wpn_camo_pdw,EM_BACK_expert_pdw57,1000,0,0,0,weapons,,
background,24,24,em_bg_wpn_complete_pdw,EM_BACK_mastery_pdw57,1000,0,0,0,weapons,,
background,25,25,em_bg_wpn_attach_chicom,EM_BACK_maxlevel_qcw05,1000,0,0,0,weapons,,
background,26,26,em_bg_wpn_camo_chicom,EM_BACK_expert_qcw05,1000,0,0,0,weapons,,
background,27,27,em_bg_wpn_complete_chicom,EM_BACK_mastery_qcw05,1000,0,0,0,weapons,,
background,28,28,em_bg_wpn_attach_msmc,EM_BACK_maxlevel_insas,1000,0,0,0,weapons,,
background,29,29,em_bg_wpn_camo_msmc,EM_BACK_expert_insas,1000,0,0,0,weapons,,
background,30,30,em_bg_wpn_complete_msmc,EM_BACK_mastery_insas,1000,0,0,0,weapons,,
background,31,31,em_bg_wpn_attach_vector,EM_BACK_maxlevel_vector,1000,0,0,0,weapons,,
background,32,32,em_bg_wpn_camo_vector,EM_BACK_expert_vector,1000,0,0,0,weapons,,
background,33,33,em_bg_wpn_complete_vector,EM_BACK_mastery_vector,1000,0,0,0,weapons,,
background,34,34,em_bg_wpn_attach_m8a1,EM_BACK_maxlevel_xm8,1000,0,0,0,weapons,,
background,35,35,em_bg_wpn_camo_m8a1,EM_BACK_expert_xm8,1000,0,0,0,weapons,,
background,36,36,em_bg_wpn_complete_m8a1,EM_BACK_mastery_xm8,1000,0,0,0,weapons,,
background,37,37,em_bg_wpn_attach_scar,EM_BACK_maxlevel_scar,1000,0,0,0,weapons,,
background,38,38,em_bg_wpn_camo_scar,EM_BACK_expert_scar,1000,0,0,0,weapons,,
background,39,39,em_bg_wpn_complete_scar,EM_BACK_mastery_scar,1000,0,0,0,weapons,,
background,40,40,em_bg_wpn_attach_an94,EM_BACK_maxlevel_an94,1000,0,0,0,weapons,,
background,41,41,em_bg_wpn_camo_an94,EM_BACK_expert_an94,1000,0,0,0,weapons,,
background,42,42,em_bg_wpn_complete_an94,EM_BACK_mastery_an94,1000,0,0,0,weapons,,
background,43,43,em_bg_wpn_attach_sig,EM_BACK_maxlevel_sig556,1000,0,0,0,weapons,,
background,44,44,em_bg_wpn_camo_sig,EM_BACK_expert_sig556,1000,0,0,0,weapons,,
background,45,45,em_bg_wpn_complete_sig,EM_BACK_mastery_sig556,1000,0,0,0,weapons,,
background,46,46,em_bg_wpn_attach_type25,EM_BACK_maxlevel_type95,1000,0,0,0,weapons,,
background,47,47,em_bg_wpn_camo_type25,EM_BACK_expert_type95,1000,0,0,0,weapons,,
background,48,48,em_bg_wpn_complete_type25,EM_BACK_mastery_type95,1000,0,0,0,weapons,,
background,49,49,em_bg_wpn_attach_fal,EM_BACK_maxlevel_sa58,1000,0,0,0,weapons,,
background,50,50,em_bg_wpn_camo_fal,EM_BACK_expert_sa58,1000,0,0,0,weapons,,
background,51,51,em_bg_wpn_complete_fal,EM_BACK_mastery_sa58,1000,0,0,0,weapons,,
background,52,52,em_bg_wpn_attach_smr,EM_BACK_maxlevel_saritch,1000,0,0,0,weapons,,
background,53,53,em_bg_wpn_camo_smr,EM_BACK_expert_saritch,1000,0,0,0,weapons,,
background,54,54,em_bg_wpn_complete_smr,EM_BACK_mastery_saritch,1000,0,0,0,weapons,,
background,55,55,em_bg_wpn_attach_m27,EM_BACK_maxlevel_hk416,1000,0,0,0,weapons,,
background,56,56,em_bg_wpn_camo_m27,EM_BACK_expert_hk416,1000,0,0,0,weapons,,
background,57,57,em_bg_wpn_complete_m27,EM_BACK_mastery_hk416,1000,0,0,0,weapons,,
background,58,58,em_bg_wpn_attach_mtar,EM_BACK_maxlevel_tar21,2000,0,0,0,weapons,,
background,59,59,em_bg_wpn_camo_mtar,EM_BACK_expert_tar21,2000,0,0,0,weapons,,
background,60,60,em_bg_wpn_complete_mtar,EM_BACK_mastery_tar21,2000,0,0,0,weapons,,
background,61,61,em_bg_wpn_attach_mk48,EM_BACK_maxlevel_mk48,2000,0,0,0,weapons,,
background,62,62,em_bg_wpn_camo_mk48,EM_BACK_expert_mk48,2000,0,0,0,weapons,,
background,63,63,em_bg_wpn_complete_mk48,EM_BACK_mastery_mk48,2000,0,0,0,weapons,,
background,64,64,em_bg_wpn_attach_qbb,EM_BACK_maxlevel_qbb95,2000,0,0,0,weapons,,
background,65,65,em_bg_wpn_camo_qbb,EM_BACK_expert_qbb95,2000,0,0,0,weapons,,
background,66,66,em_bg_wpn_complete_qbb,EM_BACK_mastery_qbb95,2000,0,0,0,weapons,,
background,67,67,em_bg_wpn_attach_lsat,EM_BACK_maxlevel_lsat,2000,0,0,0,weapons,,
background,68,68,em_bg_wpn_camo_lsat,EM_BACK_expert_lsat,2000,0,0,0,weapons,,
background,69,69,em_bg_wpn_complete_lsat,EM_BACK_mastery_lsat,2000,0,0,0,weapons,,
background,70,70,em_bg_wpn_attach_hamr,EM_BACK_maxlevel_hamr,2000,0,0,0,weapons,,
background,71,71,em_bg_wpn_camo_hamr,EM_BACK_expert_hamr,2000,0,0,0,weapons,,
background,72,72,em_bg_wpn_complete_hamr,EM_BACK_mastery_hamr,2000,0,0,0,weapons,,
background,73,73,em_bg_wpn_attach_ballista,EM_BACK_maxlevel_ballista,2000,0,0,0,weapons,,
background,74,74,em_bg_wpn_camo_ballista,EM_BACK_expert_ballista,2000,0,0,0,weapons,,
background,75,75,em_bg_wpn_complete_ballista,EM_BACK_mastery_ballista,2000,0,0,0,weapons,,
background,76,76,em_bg_wpn_attach_svu,EM_BACK_maxlevel_svu,2000,0,0,0,weapons,,
background,77,77,em_bg_wpn_camo_svu,EM_BACK_expert_svu,2000,0,0,0,weapons,,
background,78,78,em_bg_wpn_complete_svu,EM_BACK_mastery_svu,2000,0,0,0,weapons,,
background,79,79,em_bg_wpn_attach_dsr,EM_BACK_maxlevel_dsr50,2000,0,0,0,weapons,,
background,80,80,em_bg_wpn_camo_dsr,EM_BACK_expert_dsr50,2000,0,0,0,weapons,,
background,81,81,em_bg_wpn_complete_dsr,EM_BACK_mastery_dsr50,2000,0,0,0,weapons,,
background,82,82,em_bg_wpn_attach_xpr,EM_BACK_maxlevel_as50,2000,0,0,0,weapons,,
background,83,83,em_bg_wpn_camo_xpr,EM_BACK_expert_as50,2000,0,0,0,weapons,,
background,84,84,em_bg_wpn_complete_xpr,EM_BACK_mastery_as50,2000,0,0,0,weapons,,
background,85,85,em_bg_wpn_attach_mcs,EM_BACK_maxlevel_870mcs,2000,0,0,0,weapons,,
background,86,86,em_bg_wpn_camo_mcs,EM_BACK_expert_870mcs,2000,0,0,0,weapons,,
background,87,87,em_bg_wpn_complete_mcs,EM_BACK_mastery_870mcs,2000,0,0,0,weapons,,
background,88,88,em_bg_wpn_attach_m1216,EM_BACK_maxlevel_srm1216,2000,0,0,0,weapons,,
background,89,89,em_bg_wpn_camo_m1216,EM_BACK_expert_srm1216,2000,0,0,0,weapons,,
background,90,90,em_bg_wpn_complete_m1216,EM_BACK_mastery_srm1216,2000,0,0,0,weapons,,
background,91,91,em_bg_wpn_attach_saiga,EM_BACK_maxlevel_saiga12,2000,0,0,0,weapons,,
background,92,92,em_bg_wpn_camo_saiga,EM_BACK_expert_saiga12,2000,0,0,0,weapons,,
background,93,93,em_bg_wpn_complete_saiga,EM_BACK_mastery_saiga12,2000,0,0,0,weapons,,
background,94,94,em_bg_wpn_attach_ksg,EM_BACK_maxlevel_ksg,2000,0,0,0,weapons,,
background,95,95,em_bg_wpn_camo_ksg,EM_BACK_expert_ksg,2000,0,0,0,weapons,,
background,96,96,em_bg_wpn_complete_ksg,EM_BACK_mastery_ksg,2000,0,0,0,weapons,,
background,97,97,em_bg_wpn_camo_smaw,EM_BACK_expert_smaw,2000,0,0,0,weapons,,
background,98,98,em_bg_wpn_complete_smaw,EM_BACK_mastery_smaw,2000,0,0,0,weapons,,
background,99,99,em_bg_wpn_camo_fhj,EM_BACK_expert_fhj18,2000,0,0,0,weapons,,
background,100,100,em_bg_wpn_complete_fhj,EM_BACK_mastery_fhj18,2000,0,0,0,weapons,,
background,101,101,em_bg_wpn_camo_rpg,EM_BACK_expert_usrpg,2000,0,0,0,weapons,,
background,102,102,em_bg_wpn_complete_rpg,EM_BACK_mastery_usrpg,2000,0,0,0,weapons,,
background,103,103,em_bg_wpn_camo_shield,EM_BACK_expert_riotshield,3000,0,0,0,weapons,,
background,104,104,em_bg_wpn_complete_shield,EM_BACK_mastery_riotshield,3000,0,0,0,weapons,,
background,105,105,em_bg_wpn_attach_crossbow,EM_BACK_maxlevel_crossbow,3000,0,0,0,weapons,,
background,106,106,em_bg_wpn_camo_crossbow,EM_BACK_expert_crossbow,3000,0,0,0,weapons,,
background,107,107,em_bg_wpn_complete_crossbow,EM_BACK_mastery_crossbow,3000,0,0,0,weapons,,
background,108,108,em_bg_wpn_camo_ballistic,EM_BACK_expert_knife_ballistic,3000,0,0,0,weapons,,
background,109,109,em_bg_wpn_complete_ballistic,EM_BACK_mastery_knife_ballistic,3000,0,0,0,weapons,,
background,110,110,emblem_bg_bo2_griz_vet,EM_BACK_CH_632,3000,0,0,0,general,,
background,111,111,emblem_bg_bo2_career_wins,EM_BACK_CH_637,3000,0,0,0,general,,
background,112,112,emblem_bg_bo2_top_3_player,EM_BACK_CH_642,3000,0,0,0,general,,
background,113,113,emblem_bg_bo2_hc_vet,EM_BACK_CH_647,3000,0,0,0,general,,
background,114,114,emblem_bg_bo2_hc_vanquish,EM_BACK_CH_653,3000,0,0,0,general,,
background,115,115,emblem_bg_bo2_hc_superior,EM_BACK_CH_657,3000,0,0,0,general,,
background,116,116,emblem_bg_bo2_mt_vet,EM_BACK_CH_662,3000,0,0,0,general,,
background,117,117,emblem_bg_bo2_mt_vanquish,EM_BACK_CH_667,3000,0,0,0,general,,
background,118,118,emblem_bg_bo2_mt_superior,EM_BACK_CH_672,3000,0,0,0,general,,
background,119,119,emblem_bg_combat_master,EM_BACK_CH_673,3000,0,0,0,general,,
background,120,120,emblem_bg_ffa_hydra,EM_BACK_CH_678,3000,0,0,0,general,,
background,121,121,emblem_bg_ffa_superior,EM_BACK_CH_683,3000,0,0,0,general,,
background,122,122,emblem_bg_return_to_sender,EM_BACK_CH_608,5000,0,0,0,general,,
background,123,123,emblem_bg_movie_star,EM_BACK_CH_611,5000,0,0,0,general,,
background,124,124,emblem_bg_sit_aware,EM_BACK_CH_615,5000,0,0,0,general,,
background,125,125,emblem_bg_precision_master,EM_BACK_CH_627,5000,0,0,0,general,,
background,126,126,emblem_bg_masterchef,EM_BACK_CH_595,5000,0,0,0,general,,
background,127,127,emblem_bg_backfire,EM_BACK_CH_568,5000,0,0,0,general,,
background,128,128,emblem_bg_buzzkill,EM_BACK_CH_571,5000,0,0,0,general,,
background,129,129,emblem_bg_from_grave,EM_BACK_CH_574,5000,0,0,0,general,,
background,130,130,emblem_bg_backstabber,EM_BACK_CH_577,5000,0,0,0,general,,
background,131,131,emblem_bg_unforgiving,EM_BACK_CH_580,5000,0,0,0,general,,
background,132,132,emblem_bg_sticky,EM_BACK_CH_583,5000,0,0,0,general,,
background,133,133,emblem_bg_bloodthirsty,EM_BACK_CH_538,5000,0,0,0,general,,
background,134,134,emblem_bg_merciless,EM_BACK_CH_541,5000,0,0,0,general,,
background,135,135,emblem_bg_ruthless,EM_BACK_CH_544,5000,0,0,0,general,,
background,136,136,emblem_bg_relentless,EM_BACK_CH_547,5000,0,0,0,general,,
background,137,137,emblem_bg_bo2_nuclear_killer,EM_BACK_CH_549,5000,0,0,0,general,,
background,138,138,emblem_bg_double_kill,EM_BACK_CH_552,5000,0,0,0,general,,
background,139,139,emblem_bg_triple_killer,EM_BACK_CH_555,5000,0,0,0,general,,
background,140,140,emblem_bg_chain_killer,EM_BACK_CH_559,5000,0,0,0,general,,
background,141,141,emblem_bg_mega_killer,EM_BACK_CH_560,5000,0,0,0,general,,
background,142,142,emblem_bg_ultra_killer,EM_BACK_CH_561,5000,0,0,0,general,,
background,143,143,emblem_bg_four_piece,EM_BACK_CH_564,5000,0,0,0,general,,
background,144,144,emblem_bg_master,EM_BACK_CH_565,5000,0,0,0,general,,
background,145,145,emblem_bg_xray,EM_BACK_CH_514,5000,0,0,0,general,,
background,146,146,emblem_bg_spotter,EM_BACK_CH_517,5000,0,0,0,general,,
background,147,147,emblem_bg_laid_to_rest,EM_BACK_CH_520,5000,0,0,0,general,,
background,148,148,emblem_bg_stalking_prey,EM_BACK_CH_523,5000,0,0,0,general,,
background,149,149,emblem_bg_streak_vsat,EM_BACK_CH_812,3000,0,0,0,general,,
background,150,150,emblem_bg_streak_emp_kill,EM_BACK_CH_815,3000,0,0,0,general,,
background,151,151,emblem_bg_streak_uav,EM_BACK_CH_819,3000,0,0,0,general,,
background,152,152,emblem_bg_streak_emp,EM_BACK_CH_831,3000,0,0,0,general,,
background,153,153,emblem_bg_OVSAT_Support,EM_BACK_CH_835,5000,0,0,0,general,,
background,154,154,emblem_bg_streak_hk,EM_BACK_CH_130_killstreak_missile_drone,5000,0,0,0,general,,
background,155,155,emblem_bg_streak_missle,EM_BACK_CH_130_killstreak_remote_missile,10000,0,0,0,general,,
background,156,156,emblem_bg_streak_light_strike,EM_BACK_CH_130_killstreak_planemortar,10000,0,0,0,general,,
background,157,157,emblem_bg_streak_dragonfire,EM_BACK_CH_130_killstreak_qrdrone,10000,0,0,0,general,,
background,158,158,emblem_bg_streak_stealth_heli,EM_BACK_CH_130_killstreak_helicopter_comlink,10000,0,0,0,general,,
background,159,159,emblem_bg_streak_escort,EM_BACK_CH_130_killstreak_helicopter_guard,10000,0,0,0,general,,
background,160,160,emblem_bg_streak_warthog,EM_BACK_CH_130_killstreak_straferun,10000,0,0,0,general,,
background,161,161,emblem_bg_streak_lodestar,EM_BACK_CH_130_killstreak_remote_mortar,10000,0,0,0,general,,
background,162,162,emblem_bg_streak_vtol,EM_BACK_CH_130_killstreak_helicopter_player_gunner,10000,0,0,0,general,,
background,163,163,emblem_bg_streak_swarm,EM_BACK_CH_130_killstreak_missile_swarm,10000,0,0,0,general,,
background,164,164,emblem_bg_streak_rcxd,EM_BACK_CH_126_killstreak_rcbomb,10000,0,0,0,general,,
background,165,165,emblem_bg_streak_sentry,EM_BACK_CH_126_killstreak_auto_turret,10000,0,0,0,general,,
background,166,166,emblem_bg_streak_deathmachine,EM_BACK_CH_126_killstreak_minigun,10000,0,0,0,general,,
background,167,167,emblem_bg_streak_warmachine,EM_BACK_CH_126_killstreak_m32,10000,0,0,0,general,,
background,168,168,emblem_bg_streak_agr,EM_BACK_CH_126_killstreak_ai_tank_drop,10000,0,0,0,general,,
background,169,169,emblem_bg_streak_dogs,EM_BACK_CH_126_killstreak_dogs,25000,0,0,0,general,,
background,170,170,emblem_bg_career_mastery_primary,EM_BACK_CH_199,5000,0,0,0,general,,
background,171,171,emblem_bg_career_mastery_secondary,EM_BACK_CH_200,5000,0,0,0,general,,
background,172,172,emblem_bg_weapons_master,EM_BACK_CH_201,5000,0,0,0,general,,
background,173,173,emblem_bg_kills_ar,EM_BACK_CH_688_weapon_assault,3000,0,0,0,general,,
background,174,174,emblem_bg_kills_smg,EM_BACK_CH_688_weapon_smg,3000,0,0,0,general,,
background,175,175,emblem_bg_kills_lmg,EM_BACK_CH_688_weapon_lmg,3000,0,0,0,general,,
background,176,176,emblem_bg_kills_shotgun,EM_BACK_CH_688_weapon_cqb,3000,0,0,0,general,,
background,177,177,emblem_bg_kills_sniper,EM_BACK_CH_688_weapon_sniper,5000,0,0,0,general,,
background,178,178,emblem_bg_kills_pistol,EM_BACK_CH_688_weapon_pistol,5000,0,0,0,general,,
background,179,179,emblem_bg_kills_score_streaks,EM_BACK_CH_688_killstreak,5000,0,0,0,general,,
background,180,180,emblem_bg_kills_assists,EM_BACK_CH_693,5000,0,0,0,general,,
background,181,181,emblem_bg_streak_uav_kill,EM_BACK_CH_803,3000,0,0,0,general,,
background,182,182,emblem_bg_streak_hpm_kill,EM_BACK_CH_806,3000,0,0,0,general,,
background,183,183,emblem_bg_streak_cuav_kill,EM_BACK_CH_809,3000,0,0,0,general,,
background,184,184,emblem_bg_streak_hpm,EM_BACK_CH_823,3000,0,0,0,general,,
background,185,185,emblem_bg_streak_cuav,EM_BACK_CH_827,3000,0,0,0,general,,
background,186,186,em_bg_wpn_complete_reflex,EM_BACK_CH_266_reflex,3000,0,0,0,general,,
background,187,187,em_bg_wpn_complete_acog,EM_BACK_CH_277_acog,3000,0,0,0,general,,
background,188,188,em_bg_wpn_complete_holo,EM_BACK_CH_288_holo,3000,0,0,0,general,,
background,189,189,em_bg_wpn_complete_hybrid,EM_BACK_CH_299_dualoptic,3000,0,0,0,general,,
background,190,190,emblem_bg_prestige_reflex,EM_BACK_CH_304_rangefinder,5000,0,0,0,prestige,,
background,191,191,emblem_bg_prestige_mms,EM_BACK_CH_304_mms,5000,0,0,0,prestige,,
background,192,192,emblem_bg_prestige_ironsites,EM_BACK_CH_304_is,5000,0,0,0,prestige,,
background,193,193,emblem_bg_prestige_sniper,EM_BACK_CH_304_ir,5000,0,0,0,prestige,,
background,194,194,emblem_bg_att_ext_clip,EM_BACK_CH_309_extclip,5000,0,0,0,prestige,,
background,195,195,emblem_bg_att_rapid_fire,EM_BACK_CH_309_rf,5000,0,0,0,prestige,,
background,196,196,emblem_bg_att_silencer,EM_BACK_CH_309_silencer,5000,0,0,0,prestige,,
background,197,197,emblem_bg_att_long_barrel,EM_BACK_CH_309_extbarrel,5000,0,0,0,prestige,,
background,198,198,emblem_bg_att_las_sight,EM_BACK_CH_309_steadyaim,5000,0,0,0,prestige,,
background,199,199,emblem_bg_att_dual_wield,EM_BACK_CH_309_dw,3000,0,0,0,prestige,,
background,200,200,emblem_bg_att_v_zoom,EM_BACK_CH_309_vzoom,3000,0,0,0,prestige,,
background,201,201,emblem_bg_att_fore_grip,EM_BACK_CH_314_grip,5000,0,0,0,prestige,,
background,202,202,emblem_bg_att_quick_draw,EM_BACK_CH_314_fastads,3000,0,0,0,prestige,,
background,203,203,emblem_bg_att_adj_stock,EM_BACK_CH_314_stalker,3000,0,0,0,prestige,,
background,204,204,emblem_bg_att_bal_cpu,EM_BACK_CH_314_swayreduc,3000,0,0,0,prestige,,
background,205,205,emblem_bg_att_grenade_launcher,EM_BACK_CH_319_weapon_grenadelauncher,5000,0,0,0,prestige,,
background,206,206,emblem_bg_prestige_frag,EM_BACK_CH_324_frag_grenade,5000,0,0,0,prestige,,
background,207,207,emblem_bg_equip_ax,EM_BACK_CH_324_hatchet,5000,0,0,0,prestige,,
background,208,208,emblem_bg_equip_stuck,EM_BACK_CH_324_sticky_grenade,5000,0,0,0,prestige,,
background,209,209,emblem_bg_prestige_c4,EM_BACK_CH_324_satchel_charge,5000,0,0,0,prestige,,
background,210,210,emblem_bg_bouncing_betty,EM_BACK_CH_324_bouncingbetty,5000,0,0,0,prestige,,
background,211,211,emblem_bg_prestige_claymore,EM_BACK_CH_324_claymore,5000,0,0,0,prestige,,
background,212,212,emblem_bg_att_select_fire,EM_BACK_CH_329_sf,5000,0,0,0,prestige,,
background,213,213,emblem_bg_att_fmj,EM_BACK_CH_334,5000,0,0,0,prestige,,
background,214,214,emblem_bg_att_fast_mag,EM_BACK_CH_339,5000,0,0,0,prestige,,
background,215,215,emblem_bg_att_tac_knife,EM_BACK_CH_344,5000,0,0,0,prestige,,
background,216,216,emblem_bg_prestige_tazer,EM_BACK_CH_349,5000,0,0,0,prestige,,
background,217,217,emblem_bg_EMP_V,EM_BACK_CH_354,5000,0,0,0,prestige,,
background,218,218,emblem_bg_prestige_concussion,EM_BACK_CH_359,3000,0,0,0,general,,
background,219,219,emblem_bg_prestige_flash,EM_BACK_CH_364,3000,0,0,0,general,,
background,220,220,emblem_bg_equip_smoke,EM_BACK_CH_369,3000,0,0,0,prestige,,
background,221,221,emblem_bg_tacinsert_V,EM_BACK_CH_374,3000,0,0,0,prestige,,
background,222,222,emblem_bg_sensor_V,EM_BACK_CH_379,5000,0,0,0,prestige,,
background,223,223,emblem_bg_trophy_V,EM_BACK_CH_384,5000,0,0,0,prestige,,
background,224,224,emblem_bg_PDA_V,EM_BACK_CH_389,5000,0,0,0,prestige,,
background,225,225,emblem_bg_prestige_perk1_flak,EM_BACK_CH_394,5000,0,0,0,prestige,,
background,226,226,emblem_bg_prestige_perk1_ghost,EM_BACK_CH_399,5000,0,0,0,prestige,,
background,227,227,emblem_bg_prestige_perk1_blindeye,EM_BACK_CH_404,5000,0,0,0,prestige,,
background,228,228,emblem_bg_prestige_perk1_hline,EM_BACK_CH_409,5000,0,0,0,prestige,,
background,229,229,emblem_bg_prestige_perk1_lweight,EM_BACK_CH_414,5000,0,0,0,prestige,,
background,230,230,emblem_bg_prestige_perk2_coldblooded,EM_BACK_CH_419,5000,0,0,0,prestige,,
background,231,231,emblem_bg_prestige_perk1_hline2,EM_BACK_CH_424,5000,0,0,0,prestige,,
background,232,232,emblem_bg_prestige_perk2_scavenger,EM_BACK_CH_429,5000,0,0,0,prestige,,
background,233,233,emblem_bg_prestige_perk2_fasthands,EM_BACK_CH_434,5000,0,0,0,prestige,,
background,234,234,emblem_bg_prestige_perk2_toughness,EM_BACK_CH_439,5000,0,0,0,prestige,,
background,235,235,emblem_bg_prestige_perk3_engineer,EM_BACK_CH_444,3000,0,0,0,prestige,,
background,236,236,emblem_bg_tdm_vanquisher,EM_BACK_CH_449,3000,0,0,0,prestige,,
background,237,237,emblem_bg_prestige_perk3_extreme,EM_BACK_CH_454,3000,0,0,0,prestige,,
background,238,238,emblem_bg_prestige_perk3_tacmask,EM_BACK_CH_459,3000,0,0,0,prestige,,
background,239,239,emblem_bg_prestige_perk3_dexterity,EM_BACK_CH_464,5000,0,0,0,prestige,,
background,240,240,emblem_bg_prestige_perk3_awareness,EM_BACK_CH_469,5000,0,0,0,prestige,,
background,241,241,emblem_bg_prestige_pfighter,EM_BACK_CH_474_bonuscard_primary_gunfighter,5000,0,0,0,prestige,,
background,242,242,emblem_bg_prestige_sfighter,EM_BACK_CH_479_bonuscard_secondary_gunfighter,5000,0,0,0,prestige,,
background,243,243,emblem_bg_prestige_overkill,EM_BACK_CH_484_bonuscard_overkill,5000,0,0,0,prestige,,
background,244,244,emblem_bg_prestige_dclose,EM_BACK_CH_489_bonuscard_danger_close,5000,0,0,0,prestige,,
background,245,245,emblem_bg_prestige_tactician,EM_BACK_CH_494_bonuscard_two_tacticals,5000,0,0,0,prestige,,
background,246,246,emblem_bg_prestige_p1,EM_BACK_CH_499_bonuscard_perk_1_greed,5000,0,0,0,prestige,,
background,247,247,emblem_bg_prestige_p2,EM_BACK_CH_504_bonuscard_perk_2_greed,5000,0,0,0,prestige,,
background,248,248,emblem_bg_prestige_p3,EM_BACK_CH_509_bonuscard_perk_3_greed,5000,0,0,0,prestige,,
background,249,249,emblem_bg_tdm_veteran,EM_BACK_CH_770_dm,5000,0,0,0,gamemodes,,
background,250,250,emblem_bg_tdm_superior,EM_BACK_CH_770_tdm,3000,0,0,0,gamemodes,,
background,251,251,emblem_bg_snd_veteran,EM_BACK_CH_770_sd,3000,0,0,0,gamemodes,,
background,252,252,emblem_bg_dom_vet,EM_BACK_CH_770_dom,3000,0,0,0,gamemodes,,
background,253,253,emblem_bg_hq_veteran3,EM_BACK_CH_770_hq,3000,0,0,0,gamemodes,,
background,254,254,emblem_bg_ctf_veteran,EM_BACK_CH_770_ctf,5000,0,0,0,gamemodes,,
background,255,255,emblem_bg_dem_veteran3,EM_BACK_CH_770_dem,5000,0,0,0,gamemodes,,
background,256,256,emblem_bg_kcon_vet,EM_BACK_CH_770_conf,5000,0,0,0,gamemodes,,
background,257,257,emblem_bg_bo2_pl_sup_ffa,EM_BACK_CH_773_dm,5000,0,0,0,gamemodes,,
background,258,258,emblem_bg_bo2_pl_sup_tdm,EM_BACK_CH_773_tdm,5000,0,0,0,gamemodes,,
background,259,259,emblem_bg_bo2_pl_sup_sd,EM_BACK_CH_773_sd,5000,0,0,0,gamemodes,,
background,260,260,emblem_bg_bo2_pl_sup_dom,EM_BACK_CH_773_dom,5000,0,0,0,gamemodes,,
background,261,261,emblem_bg_bo2_pl_sup_hq,EM_BACK_CH_773_hq,5000,0,0,0,gamemodes,,
background,262,262,emblem_bg_bo2_pl_sup_ctf,EM_BACK_CH_773_ctf,5000,0,0,0,gamemodes,,
background,263,263,emblem_bg_bo2_pl_sup_dem,EM_BACK_CH_773_dem,5000,0,0,0,gamemodes,,
background,264,264,emblem_bg_bo2_pl_sup_hardpoint,EM_BACK_CH_773_koth,3000,0,0,0,gamemodes,,
background,265,265,emblem_bg_bo2_pl_sup_kc,EM_BACK_CH_773_conf,3000,0,0,0,gamemodes,,
background,266,266,emblem_bg_bo2_pl_sup_sharpshooter,EM_BACK_CH_773_shrp,3000,0,0,0,gamemodes,,
background,267,267,emblem_bg_bo2_pl_sup_oic,EM_BACK_CH_773_oic,3000,0,0,0,gamemodes,,
background,268,268,emblem_bg_bo2_pl_sup_gungame,EM_BACK_CH_773_gun,3000,0,0,0,gamemodes,,
background,269,269,emblem_bg_bo2_pl_sup_stick_stone,EM_BACK_CH_773_sas,3000,0,0,0,gamemodes,,
background,270,270,emblem_bg_ffa_vanquisher,EM_BACK_CH_776_dm,3000,0,0,0,gamemodes,,
background,271,271,emblem_bg_bo2_pl_ffa,EM_BACK_CH_779_dm,3000,0,0,0,gamemodes,,
background,272,272,emblem_bg_bo2_pl_tdm,EM_BACK_CH_779_tdm,3000,0,0,0,gamemodes,,
background,273,273,emblem_bg_bo2_pl_s_and_d,EM_BACK_CH_779_sd,5000,0,0,0,gamemodes,,
background,274,274,emblem_bg_bo2_pl_dom,EM_BACK_CH_779_dom,5000,0,0,0,gamemodes,,
background,275,275,emblem_bg_bo2_pl_hq,EM_BACK_CH_779_hq,5000,0,0,0,gamemodes,,
background,276,276,emblem_bg_bo2_pl_ctf,EM_BACK_CH_779_ctf,5000,0,0,0,gamemodes,,
background,277,277,emblem_bg_bo2_pl_demo,EM_BACK_CH_779_dem,5000,0,0,0,gamemodes,,
background,278,278,emblem_bg_bo2_pl_hardpoint,EM_BACK_CH_779_koth,3000,0,0,0,gamemodes,,
background,279,279,emblem_bg_bo2_pl_kc,EM_BACK_CH_779_conf,3000,0,0,0,gamemodes,,
background,280,280,emblem_bg_bo2_pl_sharpshooter,EM_BACK_CH_779_shrp,3000,0,0,0,gamemodes,,
background,281,281,emblem_bg_bo2_pl_sticks_stones,EM_BACK_CH_779_sas,3000,0,0,0,gamemodes,,
background,282,282,emblem_bg_bo2_pl_gungame,EM_BACK_CH_779_gun,3000,0,0,0,gamemodes,,
background,283,283,emblem_bg_bo2_pl_oic,EM_BACK_CH_779_oic,3000,0,0,0,gamemodes,,
background,284,284,emblem_bg_dem_destroyer3,EM_BACK_CH_782_dem,3000,0,0,0,gamemodes,,
background,285,285,emblem_bg_snd_destroyer,EM_BACK_CH_782_sd,3000,0,0,0,gamemodes,,
background,286,286,emblem_bg_ctf_aggression,EM_BACK_CH_785_ctf,3000,0,0,0,gamemodes,,
background,287,287,emblem_bg_dom_aggression,EM_BACK_CH_785_dom,3000,0,0,0,gamemodes,,
background,288,288,emblem_bg_hq_vanquisher,EM_BACK_CH_785_hq,3000,0,0,0,gamemodes,,
background,289,289,emblem_bg_ctf_flag_warden,EM_BACK_CH_788_ctf,3000,0,0,0,gamemodes,,
background,290,290,emblem_bg_dom_vanquisher,EM_BACK_CH_791_dem,5000,0,0,0,gamemodes,,
background,291,291,emblem_bg_dom_assault,EM_BACK_CH_791_dom,5000,0,0,0,gamemodes,,
background,292,292,emblem_bg_hq_assault,EM_BACK_CH_791_hq,5000,0,0,0,gamemodes,,
background,293,293,emblem_bg_bo2_bandolier,EM_BACK_CH_791_ctf,5000,0,0,0,gamemodes,,
background,294,294,emblem_bg_snd_superior,EM_BACK_CH_794_dem,5000,0,0,0,gamemodes,,
background,295,295,emblem_bg_dom_defender,EM_BACK_CH_794_dom,5000,0,0,0,gamemodes,,
background,296,296,emblem_bg_hq_superior,EM_BACK_CH_794_hq,5000,0,0,0,gamemodes,,
background,297,297,emblem_bg_ctf_defender,EM_BACK_CH_794_ctf,5000,0,0,0,gamemodes,,
background,298,298,emblem_bg_dem_bomb_defuser3,EM_BACK_CH_797_dem,5000,0,0,0,gamemodes,,
background,299,299,emblem_bg_snd_bomb_defuser,EM_BACK_CH_797_sd,3000,0,0,0,gamemodes,,
background,300,300,emblem_bg_anti_air_IV,EM_BACK_CH_908,3000,0,0,0,gamemodes,,
background,301,301,emblem_bg_bo2_nuked_out,EM_BACK_CH_859_dm,3000,0,0,0,gamemodes,,
background,302,302,emblem_bg_ctf_assassination3,EM_BACK_CH_868_ctf,3000,0,0,0,gamemodes,,
background,303,303,emblem_bg_ctf_escort3,EM_BACK_CH_871_ctf,3000,0,0,0,gamemodes,,
background,304,304,emblem_bg_dom_superior,EM_BACK_CH_880_dom,3000,0,0,0,gamemodes,,
icon,0,0,em_weapon_kard,EM_default_kard,100,0,0,0,weapon,general,0.35
icon,1,1,em_weapon_fnp45,EM_default_fnp45,100,0,0,0,weapon,general,0.35
icon,2,2,em_weapon_b23r,EM_default_beretta93r,100,0,0,0,weapon,general,0.35
icon,3,3,em_weapon_judge,EM_default_judge,100,0,0,0,weapon,general,0
icon,4,4,em_weapon_five_seven,EM_default_fiveseven,100,0,0,0,weapon,general,0.35
icon,5,5,em_weapon_mp7,EM_default_mp7,100,0,0,0,weapon,general,0.35
icon,6,6,em_weapon_skorpion,EM_default_evoskorpion,100,0,0,0,weapon,general,0
icon,7,7,em_weapon_pdw,EM_default_pdw57,100,0,0,0,weapon,general,0.35
icon,8,8,em_weapon_chicom,EM_default_qcw05,100,0,0,0,weapon,general,0.35
icon,9,9,em_weapon_msmc,EM_default_insas,100,0,0,0,weapon,general,0.35
icon,10,10,em_weapon_vector,EM_default_vector,100,0,0,0,weapon,general,0.35
icon,11,11,em_weapon_m8a1,EM_default_xm8,100,0,0,0,weapon,general,0.35
icon,12,12,em_weapon_scar,EM_default_scar,100,0,0,0,weapon,general,0.35
icon,13,13,em_weapon_an94,EM_default_an94,100,0,0,0,weapon,general,0.35
icon,14,14,em_weapon_sig556,EM_default_sig556,100,0,0,0,weapon,general,0.35
icon,15,15,em_weapon_type95,EM_default_type95,100,0,0,0,weapon,general,0.35
icon,16,16,em_weapon_sa58,EM_default_sa58,100,0,0,0,weapon,general,0.35
icon,17,17,em_weapon_smr,EM_default_saritch,100,0,0,0,weapon,general,0.35
icon,18,18,em_weapon_m27,EM_default_hk416,100,0,0,0,weapon,general,0.35
icon,19,19,em_weapon_tar,EM_default_tar21,100,0,0,0,weapon,general,0
icon,20,20,em_weapon_mk48,EM_default_mk48,100,0,0,0,weapon,general,0.35
icon,21,21,em_weapon_qbb,EM_default_qbb95,100,0,0,0,weapon,general,0.35
icon,22,22,em_weapon_lsat,EM_default_lsat,100,0,0,0,weapon,general,0
icon,23,23,em_weapon_hamr,EM_default_hamr,100,0,0,0,weapon,general,0.35
icon,24,24,em_weapon_ballista,EM_default_ballista,100,0,0,0,weapon,general,0.35
icon,25,25,em_weapon_svu,EM_default_svu,100,0,0,0,weapon,general,0.35
icon,26,26,em_weapon_dsr,EM_default_dsr50,100,0,0,0,weapon,general,0
icon,27,27,em_weapon_xpr,EM_default_as50,100,0,0,0,weapon,general,0.35
icon,28,28,em_weapon_mcs,EM_default_870mcs,100,0,0,0,weapon,general,0.35
icon,29,29,em_weapon_m1216,EM_default_srm1216,100,0,0,0,weapon,general,0.35
icon,30,30,em_weapon_saiga,EM_default_saiga12,100,0,0,0,weapon,general,0.35
icon,31,31,em_weapon_ksg,EM_default_ksg,100,0,0,0,weapon,general,0.35
icon,32,32,em_weapon_smaw,EM_default_smaw,100,0,0,0,weapon,general,0.35
icon,33,33,em_weapon_fhj,EM_default_fhj18,100,0,0,0,weapon,general,0
icon,34,34,em_weapon_rpg,EM_default_usrpg,100,0,0,0,weapon,general,0
icon,35,35,em_weapon_riot_shield,EM_default_riotshield,100,0,0,0,weapon,general,0.35
icon,36,36,em_weapon_crossbow,EM_default_crossbow,100,0,0,0,weapon,general,0
icon,37,37,em_weapon_balistic_knife,EM_default_knife_ballistic,100,0,0,0,weapon,general,0.35
icon,38,38,em_ffa_crush_victory,EM_CH_841_dm,100,0,0,0,icon,general,0.35
icon,39,39,em_tdm_crush_victory,EM_CH_842_tdm,100,0,0,0,icon,general,0
icon,40,40,em_sd_crush_victory,EM_CH_843_sd,100,0,0,0,icon,general,0.35
icon,41,41,em_hq_crush_victory,EM_CH_844_hq,100,0,0,0,icon,general,0
icon,42,42,em_dom_crush_victory,EM_CH_845_dom,100,0,0,0,icon,general,0.35
icon,43,43,em_ctf_crush_victory,EM_CH_846_ctf,100,0,0,0,icon,general,0.35
icon,44,44,em_dem_crush_victory,EM_CH_847_dem,100,0,0,0,icon,general,0.35
icon,45,45,em_koth_crush_victory,EM_CH_848_koth,100,0,0,0,icon,general,0.35
icon,46,46,em_koth_shutout,EM_CH_849_koth,100,0,0,0,icon,general,0
icon,47,47,em_tdm_relentless,EM_CH_852_tdm,100,0,0,0,icon,general,0.35
icon,48,48,em_tdm_triple_kill,EM_CH_853_tdm,100,0,0,0,icon,general,0.35
icon,49,49,em_tdm_avenger,EM_CH_854_tdm,100,0,0,0,icon,general,0.35
icon,50,50,em_tdm_savior,EM_CH_855_tdm,100,0,0,0,icon,general,0.35
icon,51,51,em_ffa_unstoppable,EM_CH_858_dm,100,0,0,0,icon,general,0.35
icon,52,52,em_sd_clutch,EM_CH_860_sd,100,0,0,0,icon,general,0
icon,53,53,em_sd_last_man,EM_CH_861_sd,100,0,0,0,icon,general,0.35
icon,54,54,em_sd_hard_to_kill,EM_CH_862_sd,100,0,0,0,icon,general,0.35
icon,55,55,em_sd_shutout,EM_CH_863_sd,100,0,0,0,icon,general,0.35
icon,56,56,em_sd_bomb_protector,EM_CH_864_sd,100,0,0,0,icon,general,0.35
icon,57,57,em_sd_interruption,EM_CH_865_sd,100,0,0,0,icon,general,0
icon,58,58,em_dem_bomb_protector,EM_CH_872_dem,100,0,0,0,icon,general,0
icon,59,59,em_dem_interruption,EM_CH_873_dem,100,0,0,0,icon,general,0.35
icon,60,60,em_starburst2_full,EM_CH_874_tdm,100,0,0,0,icon,general,0.35
icon,61,61,em_dom_double_denied,EM_CH_875_dom,100,0,0,0,icon,general,0.35
icon,62,62,em_dom_bravo_hot,EM_CH_876_dom,100,0,0,0,icon,general,0.35
icon,63,63,em_dom_alpha_lockdown,EM_CH_877_dom,100,0,0,0,icon,general,0
icon,64,64,em_dom_bravo_lockdown,EM_CH_878_dom,100,0,0,0,icon,general,0.35
icon,65,65,em_dom_charlie_lockdown,EM_CH_879_dom,100,0,0,0,icon,general,0.35
icon,66,66,em_dem_synch_attack,EM_CH_881_dem,100,0,0,0,icon,general,0.35
icon,67,67,em_koth_point_man,EM_CH_882_koth,100,0,0,0,icon,general,0.35
icon,68,68,em_koth_annihilation_victory,EM_CH_883_koth,100,0,0,0,icon,general,0.35
icon,69,69,em_old_gun01,EM_CH_631,100,0,0,0,icon,general,0.35
icon,70,70,em_feather_duster01,EM_CH_632,100,0,0,0,icon,general,0
icon,71,71,em_cleaver01,EM_CH_633,100,0,0,0,icon,general,0.35
icon,72,72,em_lips01_full,EM_CH_634,100,0,0,0,icon,general,0.35
icon,73,73,em_bandage01,EM_CH_635,100,0,0,0,icon,general,0
icon,74,74,em_glasses02_full,EM_CH_636,100,0,0,0,icon,general,0
icon,75,75,em_pocketwatch01,EM_CH_637,100,0,0,0,icon,general,0
icon,76,76,em_prestige02a_full,EM_CH_638,100,0,0,0,icon,general,0.35
icon,77,77,em_say_hello,EM_CH_639,100,0,0,0,icon,general,0
icon,78,78,em_shrunk_head01,EM_CH_640,100,0,0,0,icon,general,0.35
icon,79,79,em_tin_star01,EM_CH_641,100,0,0,0,icon,general,0
icon,80,80,em_ninja_mask01,EM_CH_642,100,0,0,0,icon,general,0.35
icon,81,81,em_hacker_tool01,EM_CH_612,100,0,0,0,icon,general,0.35
icon,82,82,em_present01_full,EM_CH_613,100,0,0,0,icon,general,0
icon,83,83,em_boltcutter01,EM_CH_614,100,0,0,0,icon,general,0
icon,84,84,em_lizard01,EM_CH_615,100,0,0,0,icon,general,0
icon,85,85,em_broom01,EM_CH_616,100,0,0,0,icon,general,0.35
icon,86,86,em_bullet_belt_full,EM_CH_618,100,0,0,0,icon,general,0.35
icon,87,87,em_flak_jacket01,EM_CH_619,100,0,0,0,icon,general,0
icon,88,88,em_phone01,EM_CH_620,100,0,0,0,icon,general,0.35
icon,89,89,em_ha_ha01,EM_CH_584,100,0,0,0,icon,general,0
icon,90,90,em_combat_axe01,EM_CH_585,100,0,0,0,icon,general,0.35
icon,91,91,em_vulture_full,EM_CH_586,100,0,0,0,icon,general,0
icon,92,92,em_explode01,EM_CH_587,100,0,0,0,icon,general,0.35
icon,93,93,em_bolt02_full,EM_CH_588,100,0,0,0,icon,general,0.35
icon,94,94,em_shock_charge01,EM_CH_590,100,0,0,0,icon,general,0.35
icon,95,95,em_splat2_full,EM_CH_591,100,0,0,0,icon,general,0.35
icon,96,96,em_football_full,EM_CH_592,100,0,0,0,icon,general,0
icon,97,97,em_grim_reaper01,EM_CH_548,100,0,0,0,icon,general,0.35
icon,98,98,em_skull01_full,EM_CH_556,100,0,0,0,icon,general,0.35
icon,99,99,em_skull04_full,EM_CH_557,100,0,0,0,icon,general,0
icon,100,100,em_triple_kill,EM_CH_558,100,0,0,0,icon,general,0
icon,101,101,em_crosshair01,EM_CH_524,100,0,0,0,icon,general,0.35
icon,102,102,em_plus_sign01,EM_CH_525,100,0,0,0,icon,general,0.35
icon,103,103,em_claymore01,EM_CH_526,100,0,0,0,icon,general,0
icon,104,104,em_silverback_full,EM_CH_527,100,0,0,0,icon,general,0
icon,105,105,em_car01,EM_CH_528,100,0,0,0,icon,general,0.35
icon,106,106,em_dolphin_full,EM_CH_529,100,0,0,0,icon,general,0
icon,107,107,em_ladder01,EM_CH_530,100,0,0,0,icon,general,0
icon,108,108,em_shield01_full,EM_CH_531,100,0,0,0,icon,general,0
icon,109,109,em_grenade01,EM_CH_532,100,0,0,0,icon,general,0
icon,110,110,em_soldier_back01,EM_CH_533,100,0,0,0,icon,general,0.35
icon,111,111,em_soldier_gunfighter01,EM_CH_534,100,0,0,0,icon,general,0.35
icon,112,112,em_streak_killjoy,EM_CH_836,100,0,0,0,icon,general,0.35
icon,113,113,em_streak_pest_control,EM_CH_837,100,0,0,0,icon,general,0.35
icon,114,114,em_streak_drones_eliminated,EM_CH_838,100,0,0,0,icon,general,0.35
icon,115,115,em_streak_dog_pound,EM_CH_839,100,0,0,0,icon,general,0.35
icon,116,116,em_streak_opportunistic,EM_CH_884,100,0,0,0,icon,general,0.35
icon,117,117,em_streak_max_payload,EM_CH_885,100,0,0,0,icon,general,0.35
icon,118,118,em_streak_anti_swatter,EM_CH_886,100,0,0,0,icon,general,0.35
icon,119,119,em_streak_threat_neutral,EM_CH_887,100,0,0,0,icon,general,0.35
icon,120,120,em_streak_special_delivery,EM_CH_888,100,0,0,0,icon,general,0
icon,121,121,em_streak_rc_multi_bomber,EM_CH_889,100,0,0,0,icon,general,0.35
icon,122,122,em_streak_heavy_cover,EM_CH_890,100,0,0,0,icon,general,0
icon,123,123,em_streak_thumper,EM_CH_891,100,0,0,0,icon,general,0.35
icon,124,124,em_streak_shredder,EM_CH_892,100,0,0,0,icon,general,0.35
icon,125,125,em_streak_focus_fire,EM_CH_893,100,0,0,0,icon,general,0.35
icon,126,126,em_streak_tracker,EM_CH_894,100,0,0,0,icon,general,0
icon,127,127,em_streak_guide_dogs,EM_CH_895,100,0,0,0,icon,general,0
icon,128,128,em_streak_hard_counter,EM_CH_896,100,0,0,0,icon,general,0.35
icon,129,129,em_streak_overcooked,EM_CH_897,100,0,0,0,icon,general,0.35
icon,130,130,em_streak_cancelled_out,EM_CH_898,100,0,0,0,icon,general,0
icon,131,131,em_streak_assault_package,EM_CH_899,100,0,0,0,icon,general,0.35
icon,132,132,em_streak_support_package,EM_CH_900,100,0,0,0,icon,general,0.35
icon,133,133,em_streak_small_game,EM_CH_910,100,0,0,0,icon,general,0
icon,134,134,em_streak_big_game,EM_CH_911,100,0,0,0,icon,general,0
icon,135,135,em_thief,EM_CH_912,100,0,0,0,icon,general,0.35
icon,136,136,em_shape_circle_half,EM_HALF_CIRCLE,100,0,0,0,symbol,general,0.35
icon,137,137,em_shape_circle_quarter,EM_QUARTER_CIRCLE,100,0,0,0,symbol,general,0.35
icon,138,138,em_shape_odd_028,EM_HALF_HEART,100,0,0,0,symbol,general,0.35
icon,139,139,em_shape_odd_029,EM_CONE,100,0,0,0,symbol,general,0.35
icon,140,140,em_shape_odd_030,EM_THIMBLE,100,0,0,0,symbol,general,0.35
icon,141,141,em_shape_odd_031,EM_KISS,100,0,0,0,symbol,general,0.35
icon,142,142,em_shape_scribble01,EM_SCRIBBLE,100,0,0,0,symbol,general,0.35
icon,143,143,em_shape_square_rounded,EM_ROUND_SQUARE,100,0,0,0,symbol,general,0
icon,144,144,em_shape_star01,EM_NINJA_STAR,100,0,0,0,symbol,general,0.35
icon,145,145,em_shape_star01_half,EM_HALF_STAR,100,0,0,0,symbol,general,0
icon,146,146,em_shape_star02,EM_SHRUIKEN,100,0,0,0,symbol,general,0.35
icon,147,147,em_shape_star02_half,EM_HALF_SHRUIKEN,100,0,0,0,symbol,general,0.35
icon,148,148,em_shape_trap01,EM_LAMP_SHADE,100,0,0,0,symbol,general,0.35
icon,149,149,em_shape_triangle_rounded,EM_PYRAMID,100,0,0,0,symbol,general,0
icon,150,150,em_shape_tube01,EM_HALF_TUBE,100,0,0,0,symbol,general,0
icon,151,151,em_shape_tube01_half,EM_TUBE,100,0,0,0,symbol,general,0.35
icon,152,152,em_shape_odd_001,EM_GOLF_FLAG,100,0,0,0,symbol,general,0.35
icon,153,153,em_shape_odd_002,EM_TONGUE,100,0,0,0,symbol,general,0
icon,154,154,em_shape_odd_003,EM_BROKEN_COLUMN,100,0,0,0,symbol,general,0.35
icon,155,155,em_shape_odd_004,EM_VISOR,100,0,0,0,symbol,general,0.35
icon,156,156,em_shape_odd_005,EM_BONE,100,0,0,0,symbol,general,0.35
icon,157,157,em_shape_odd_006,EM_LAZYBOY,100,0,0,0,symbol,general,0
icon,158,158,em_shape_odd_007,EM_OVEN_MIT,100,0,0,0,symbol,general,0
icon,159,159,em_shape_odd_008,EM_WIND_SOCK,100,0,0,0,symbol,general,0.35
icon,160,160,em_shape_odd_009,EM_PODIUM,100,0,0,0,symbol,general,0.35
icon,161,161,em_shape_odd_010,EM_PIE_SLICE,100,0,0,0,symbol,general,0.35
icon,162,162,em_shape_odd_011,EM_FLASHLIGHT,100,0,0,0,symbol,general,0
icon,163,163,em_shape_odd_012,EM_SCOOP,100,0,0,0,symbol,general,0.35
icon,164,164,em_shape_odd_013,EM_FLAG_BREEZE,100,0,0,0,symbol,general,0.35
icon,165,165,em_shape_odd_014,EM_FLAG_NO_WIND,100,0,0,0,symbol,general,0.35
icon,166,166,em_shape_odd_015,EM_AXE,100,0,0,0,symbol,general,0
icon,167,167,em_shape_odd_016,EM_FEDORA,100,0,0,0,symbol,general,0
icon,168,168,em_shape_odd_017,EM_ROCK,100,0,0,0,symbol,general,0.35
icon,169,169,em_shape_odd_018,EM_BIKE_RAMP,100,0,0,0,symbol,general,0.35
icon,170,170,em_shape_odd_019,EM_ROCK_SHADOW,100,0,0,0,symbol,general,0.35
icon,171,171,em_shape_odd_020,EM_HALF_COLUMN,100,0,0,0,symbol,general,0
icon,172,172,em_shape_odd_021,EM_MONOLITH,100,0,0,0,symbol,general,0.35
icon,173,173,em_shape_odd_022,EM_TOP_HAT,100,0,0,0,symbol,general,0.35
icon,174,174,em_shape_odd_023,EM_IGLOO,100,0,0,0,symbol,general,0.35
icon,175,175,em_shape_odd_024,EM_MANE,100,0,0,0,symbol,general,0
icon,176,176,em_shape_odd_025,EM_SWOOP,100,0,0,0,symbol,general,0
icon,177,177,em_shape_odd_026,EM_SHIELD,100,0,0,0,symbol,general,0.35
icon,178,178,em_shape_odd_027,EM_PAINT_SPLASH,100,0,0,0,symbol,general,0.35
icon,179,179,em_shape_odd_038,EM_PILLOW,100,0,0,0,symbol,general,0.35
icon,180,180,em_asterisk_full,EM_ASTERISK_FULL,100,0,0,0,symbol,general,0.35
icon,181,181,em_biohazard_full,EM_BIOHAZARD,100,0,0,0,symbol,general,0.35
icon,182,182,em_curvedline_full,EM_CURVEDLINE,100,0,0,0,symbol,general,0.35
icon,183,183,em_happyface_outline,EM_SMILE_OUTLINE,100,0,0,0,symbol,general,0
icon,184,184,em_heart_full,EM_HEART,100,0,0,0,symbol,general,0
icon,185,185,em_star04_full,EM_ICE_STAR,100,0,0,0,symbol,general,0.35
icon,186,186,em_triangle01_full,EM_TRIANGLE01,100,0,0,0,symbol,general,0.35
icon,187,187,em_tent01_full,EM_TENT,100,0,0,0,symbol,general,0
icon,188,188,em_wotsit_full,EM_WOTSIT,100,0,0,0,symbol,general,0.35
icon,189,189,em_snowflake_full,EM_SNOWFLAKE,100,0,0,0,symbol,general,0.35
icon,190,190,em_snake01_full,EM_SNAKE,100,0,0,0,symbol,general,0.35
icon,191,191,em_circle_full,EM_FULL_CIRCLE,100,0,0,0,symbol,general,0
icon,192,192,em_circle02_full,EM_CIRCLE_02,100,0,0,0,symbol,general,0
icon,193,193,em_diamond_cards_full,EM_DIAMOND_CARDS,100,0,0,0,symbol,general,0.35
icon,194,194,em_rectangle01_full,EM_RECTANGLE02,100,0,0,0,symbol,general,0.35
icon,195,195,em_square_full,EM_SQUARE_FULL,100,0,0,0,symbol,general,0.35
icon,196,196,em_treyarch_full,EM_TREYARCH,100,0,0,0,symbol,general,0.35
icon,197,197,em_rank_pvt_full,EM_RANK_PFC,100,0,0,0,ranks,general,0.35
icon,198,198,em_rank_lcpl_full,EM_RANK_LCPL,100,3,0,0,ranks,general,0.35
icon,199,199,em_rank_cpl_full,EM_RANK_CPL,100,6,0,0,ranks,general,0
icon,200,200,em_rank_sgt_full,EM_RANK_SGT,100,9,0,0,ranks,general,0.35
icon,201,201,em_rank_ssgt_full,EM_RANK_SSGT,100,12,0,0,ranks,general,0.35
icon,202,202,em_rank_gysgt_full,EM_RANK_GYSGT,100,15,0,0,ranks,general,0.35
icon,203,203,em_rank_msgt_full,EM_RANK_MSGT,100,18,0,0,ranks,general,0
icon,204,204,em_rank_mgysgt_full,EM_RANK_MGYSGT,100,21,0,0,ranks,general,0
icon,205,205,em_rank_2ndlt_full,EM_RANK_2NDLT,100,24,0,0,ranks,general,0.35
icon,206,206,em_rank_lt_full,EM_RANK_LT,100,27,0,0,ranks,general,0.35
icon,207,207,em_rank_capt_full,EM_RANK_CAPT,100,30,0,0,ranks,general,0.35
icon,208,208,em_rank_maj_full,EM_RANK_MAJ,100,33,0,0,ranks,general,0
icon,209,209,em_rank_ltcol_full,EM_RANK_LTCOL,100,36,0,0,ranks,general,0.35
icon,210,210,em_rank_col_full,EM_RANK_COL,100,39,0,0,ranks,general,0.35
icon,211,211,em_rank_bgen_full,EM_RANK_BGEN,100,42,0,0,ranks,general,0.35
icon,212,212,em_rank_majgen_full,EM_RANK_MAJGEN,100,45,0,0,ranks,general,0
icon,213,213,em_rank_ltgen_full,EM_RANK_LTGEN,100,48,0,0,ranks,general,0
icon,214,214,em_rank_gen_full,EM_RANK_GEN,100,51,0,0,ranks,general,0.35
icon,215,215,em_rank_comm_full,EM_RANK_COMM,100,54,0,0,ranks,general,0.35
icon,216,216,em_letter_a,EM_A01,100,0,0,0,alphanumeric,general,0
icon,217,217,em_letter_b,EM_B01,100,0,0,0,alphanumeric,general,0.35
icon,218,218,em_letter_c,EM_C01,100,0,0,0,alphanumeric,general,0.35
icon,219,219,em_letter_d,EM_D01,100,0,0,0,alphanumeric,general,0.35
icon,220,220,em_letter_e,EM_E01,100,0,0,0,alphanumeric,general,0.35
icon,221,221,em_letter_f,EM_F01,100,0,0,0,alphanumeric,general,0
icon,222,222,em_letter_g,EM_G01,100,0,0,0,alphanumeric,general,0.35
icon,223,223,em_letter_h,EM_H01,100,0,0,0,alphanumeric,general,0.35
icon,224,224,em_letter_i,EM_I01,100,0,0,0,alphanumeric,general,0.35
icon,225,225,em_letter_j,EM_J01,100,0,0,0,alphanumeric,general,0
icon,226,226,em_letter_k,EM_K01,100,0,0,0,alphanumeric,general,0
icon,227,227,em_letter_l,EM_L01,100,0,0,0,alphanumeric,general,0.35
icon,228,228,em_letter_m,EM_M01,100,0,0,0,alphanumeric,general,0.35
icon,229,229,em_letter_n,EM_N01,100,0,0,0,alphanumeric,general,0.35
icon,230,230,em_letter_o,EM_O01,100,0,0,0,alphanumeric,general,0
icon,231,231,em_letter_p,EM_P01,100,0,0,0,alphanumeric,general,0.35
icon,232,232,em_letter_q,EM_Q01,100,0,0,0,alphanumeric,general,0.35
icon,233,233,em_letter_r,EM_R01,100,0,0,0,alphanumeric,general,0.35
icon,234,234,em_letter_s,EM_S01,100,0,0,0,alphanumeric,general,0
icon,235,235,em_letter_t,EM_T01,100,0,0,0,alphanumeric,general,0
icon,236,236,em_letter_u,EM_U01,100,0,0,0,alphanumeric,general,0.35
icon,237,237,em_letter_v,EM_V01,100,0,0,0,alphanumeric,general,0.35
icon,238,238,em_letter_w,EM_W01,100,0,0,0,alphanumeric,general,0
icon,239,239,em_letter_x,EM_X01,100,0,0,0,alphanumeric,general,0.35
icon,240,240,em_letter_y,EM_Y01,100,0,0,0,alphanumeric,general,0.35
icon,241,241,em_letter_z,EM_Z01,100,0,0,0,alphanumeric,general,0.35
icon,242,242,em_num_0,EM_ZERO,100,0,0,0,alphanumeric,general,0.35
icon,243,243,em_num_1,EM_ONE,100,0,0,0,alphanumeric,general,0
icon,244,244,em_num_2,EM_TWO,100,0,0,0,alphanumeric,general,0.35
icon,245,245,em_num_3,EM_THREE,100,0,0,0,alphanumeric,general,0.35
icon,246,246,em_num_4,EM_FOUR,100,0,0,0,alphanumeric,general,0.35
icon,247,247,em_num_5,EM_FIVE,100,0,0,0,alphanumeric,general,0
icon,248,248,em_num_6,EM_SIX,100,0,0,0,alphanumeric,general,0
icon,249,249,em_num_7,EM_SEVEN,100,0,0,0,alphanumeric,general,0.35
icon,250,250,em_num_8,EM_EIGHT,100,0,0,0,alphanumeric,general,0.35
icon,251,251,em_num_9,EM_NINE,100,0,0,0,alphanumeric,general,0.35
